{"num_quantiles": 20, "iterations": 100, "learning_rate": null, "depth": null, "subsample": 1.0, "random_seed": 42, "train_separate_models": false, "quantiles": [1.4859809884890215e-12, 1.8733576093098773e-06, 0.0001418690544435282, 0.0017193851920296998, 0.009284075450176432, 0.031614492705132495, 0.07963763516785721, 0.1617722664665932, 0.2791066649512546, 0.4230608715696174, 0.5769391284303824, 0.7208933350487452, 0.8382277335334067, 0.9203623648321426, 0.9683855072948675, 0.9907159245498236, 0.9982806148079703, 0.9998581309455564, 0.9999981266423907, 0.999999999998514], "use_crps": false, "crps_eval_freq": 10, "crps_val_subset": 1.0, "crps_history": [], "best_crps": Infinity, "best_model_iter": 0}