{"model_quantiles": [0.000241942784, 0.0103756294, 0.0347730381, 0.0717662812, 0.119588845, 0.176499242, 0.240792185, 0.310794326, 0.384857126, 0.46134947, 0.53865053, 0.615142874, 0.689205674, 0.759207815, 0.823500758, 0.880411155, 0.928233719, 0.965226962, 0.989624371, 0.999758057], "saved_quantiles": [0.00024194278432024282, 0.010375629377743148, 0.034773038128385586, 0.07176628123993661, 0.11958884496169914, 0.1764992416404783, 0.24079218513088207, 0.31079432558043685, 0.38485712569365793, 0.46134947008896887, 0.538650529911031, 0.615142874306342, 0.689205674419563, 0.7592078148691178, 0.8235007583595217, 0.8804111550383009, 0.9282337187600633, 0.9652269618716144, 0.9896243706222568, 0.9997580572156798]}